"Mean.REGION","Mean.REEF_ZONE","Mean.PRIMARY","Mean.SECONDARY","Mean.PLANKTIVORE","Mean.PISCIVORE","Mean.TotFish","Mean.0_20","Mean.20_50","Mean.50_plus","Mean.MEAN_SIZE","Mean.P10_30","Mean.P30_plus","Mean.Carangidae","Mean.Carcharhinidae","Mean.Acanthuridae","Mean.CEAR","Mean.LUFU","Mean.LUKA","Mean.NEMA","Mean.N","PooledSE.REGION","PooledSE.REEF_ZONE","PooledSE.PRIMARY","PooledSE.SECONDARY","PooledSE.PLANKTIVORE","PooledSE.PISCIVORE","PooledSE.TotFish","PooledSE.0_20","PooledSE.20_50","PooledSE.50_plus","PooledSE.MEAN_SIZE","PooledSE.P10_30","PooledSE.P30_plus","PooledSE.Carangidae","PooledSE.Carcharhinidae","PooledSE.Acanthuridae","PooledSE.CEAR","PooledSE.LUFU","PooledSE.LUKA","PooledSE.NEMA","PooledSE.N"
"MHI","Forereef",12.4047139258361,8.26145477033931,3.95835354005504,5.10689380425613,32.1679995581311,10.4962120753713,16.8724415005846,3.36870208416292,16.5271870799683,0.880359431029199,1.36611870661444,1.75598643549421,0.0795163775970298,8.66292182210585,1.32793655662788,0.62429390922307,1.82423626005581,2.90162416473401e-06,1710,"MHI","Forereef",0.408377113831385,0.238509095201314,0.226883579411906,0.332796981874554,1.21112059229651,0.285423377533783,0.568390550501505,0.436824200324033,0.0991171368822263,0.0499090351851742,0.114864023664833,0.337350725010554,0.0389388910754671,0.36601273631758,0.0696286386181306,0.22621878896149,0.246317138315333,1.74310306423582e-06,1710
"NWHI","Forereef",14.7210080632396,8.34731276507963,5.68184916567544,92.0039123561934,128.5987442224,11.7905983990164,23.5522598459102,88.8471129233874,21.2955056479132,3.94669519918664,2.18373055638755,79.9461717593011,34.8341764355631,7.28731116529318,0.0199644147471968,0,0.092820198016604,0,959,"NWHI","Forereef",1.1135045413088,0.563718828829387,1.65901134284371,10.8104811802875,12.4164722324929,1.57861992355008,3.34453450361125,10.6742207065393,0.884749931746806,0.403073048184807,0.205369436446344,17.0732796431173,7.62005290490105,0.698047643520006,0.00755614158894094,0,0.0271607981046019,0,959
